"location_id","location_level","location_parent_id","path_to_top_parent","location_name","location_ascii_name","location_name_short","location_name_medium","location_type_id","location_description","map_id","start_date","end_date","date_inserted","last_updated","last_updated_by","last_updated_action"
6,1,1,"1,6","China","China","China","China",2,"admin0","CHN","1949-01-01 00:00:00",NULL,"2013-05-06 12:35:34","2017-08-15 17:36:26","elissat","UPDATE"
7,1,1,"1,7","North Korea","North Korea","N Korea","North Korea",2,"admin0","PRK","1945-01-01 00:00:00",NULL,"2013-05-06 12:35:34","2017-08-15 17:36:26","elissat","UPDATE"
8,1,1,"1,8","Taiwan","Taiwan","Taiwan","Taiwan",2,"admin0",71000000,"0001-01-01 00:00:00",NULL,"2013-05-06 12:35:34","2017-08-15 17:36:26","elissat","UPDATE"
10,1,1,"1,10","Cambodia","Cambodia","Cambodia","Cambodia",2,"admin0","KHM","1953-01-01 00:00:00",NULL,"2013-05-06 12:35:34","2017-08-15 17:36:26","elissat","UPDATE"
11,1,1,"1,11","Indonesia","Indonesia","Indonesia","Indonesia",2,"admin0","IDN","1945-01-01 00:00:00",NULL,"2013-05-06 12:35:34","2017-08-15 17:36:26","elissat","UPDATE"
12,1,1,"1,12","Laos","Laos","Laos","Laos",2,"admin0","LAO","1949-01-01 00:00:00",NULL,"2013-05-06 12:35:34","2017-08-15 17:36:26","elissat","UPDATE"
13,1,1,"1,13","Malaysia","Malaysia","Malaysia","Malaysia",2,"admin0","MYS","1957-01-01 00:00:00",NULL,"2013-05-06 12:35:34","2017-08-15 17:36:26","elissat","UPDATE"
14,1,1,"1,14","Maldives","Maldives","Maldives","Maldives",2,"admin0","MDV","1965-01-01 00:00:00",NULL,"2013-05-06 12:35:34","2017-08-15 17:36:26","elissat","UPDATE"
15,1,1,"1,15","Myanmar","Myanmar","Myanmar","Myanmar",2,"admin0","MMR","1948-01-01 00:00:00",NULL,"2013-05-06 12:35:34","2017-08-15 17:36:26","elissat","UPDATE"
16,1,1,"1,16","Philippines","Philippines","Philippines","Philippines",2,"admin0","PHL","1946-01-01 00:00:00",NULL,"2013-05-06 12:35:34","2017-08-15 17:36:26","elissat","UPDATE"
17,1,1,"1,17","Sri Lanka","Sri Lanka","Sri Lanka","Sri Lanka",2,"admin0","LKA","1948-01-01 00:00:00",NULL,"2013-05-06 12:35:34","2017-08-15 17:36:26","elissat","UPDATE"
18,1,1,"1,18","Thailand","Thailand","Thailand","Thailand",2,"admin0","THA","1238-01-01 00:00:00",NULL,"2013-05-06 12:35:34","2017-08-15 17:36:26","elissat","UPDATE"
19,1,1,"1,19","Timor-Leste","Timor-Leste","Timor-Leste","Timor-Leste",2,"admin0","TLS","2002-01-01 00:00:00",NULL,"2013-05-06 12:35:34","2017-08-15 17:36:26","elissat","UPDATE"
20,1,1,"1,20","Vietnam","Vietnam","Vietnam","Vietnam",2,"admin0","VNM","1976-06-01 00:00:00",NULL,"2013-05-06 12:35:34","2017-08-15 17:36:26","elissat","UPDATE"
22,1,1,"1,22","Fiji","Fiji","Fiji","Fiji",2,"admin0","FJI","1970-01-01 00:00:00",NULL,"2013-05-06 12:35:34","2017-08-15 17:36:26","elissat","UPDATE"
23,1,1,"1,23","Kiribati","Kiribati","Kiribati","Kiribati",2,"admin0","KIR","1979-01-01 00:00:00",NULL,"2013-05-06 12:35:34","2017-08-15 17:36:26","elissat","UPDATE"
24,1,1,"1,24","Marshall Islands","Marshall Islands","Marshall","Marshall Islands",2,"admin0","MHL","1986-01-01 00:00:00",NULL,"2013-05-06 12:35:34","2017-08-15 17:36:26","elissat","UPDATE"
25,1,1,"1,25","Federated States of Micronesia","Federated States of Micronesia","Micronesia","Federated States of Micronesia",2,"admin0","FSM","1986-01-01 00:00:00",NULL,"2013-05-06 12:35:34","2017-08-15 17:36:26","elissat","UPDATE"
26,1,1,"1,26","Papua New Guinea","Papua New Guinea","PNG","Papua New Guinea",2,"admin0","PNG","1975-01-01 00:00:00",NULL,"2013-05-06 12:35:34","2017-08-15 17:36:26","elissat","UPDATE"
27,1,1,"1,27","Samoa","Samoa","Samoa","Samoa",2,"admin0","WSM","1962-01-01 00:00:00",NULL,"2013-05-06 12:35:34","2017-08-15 17:36:26","elissat","UPDATE"
28,1,1,"1,28","Solomon Islands","Solomon Islands","Solomon","Solomon Islands",2,"admin0","SLB","1978-01-01 00:00:00",NULL,"2013-05-06 12:35:34","2017-08-15 17:36:26","elissat","UPDATE"
29,1,1,"1,29","Tonga","Tonga","Tonga","Tonga",2,"admin0","TON","1970-01-01 00:00:00",NULL,"2013-05-06 12:35:34","2017-08-15 17:36:26","elissat","UPDATE"
30,1,1,"1,30","Vanuatu","Vanuatu","Vanuatu","Vanuatu",2,"admin0","VUT","1980-08-01 00:00:00",NULL,"2013-05-06 12:35:34","2017-08-15 17:36:26","elissat","UPDATE"
33,1,1,"1,33","Armenia","Armenia","Armenia","Armenia",2,"admin0","ARM","1991-01-01 00:00:00",NULL,"2013-05-06 12:35:34","2017-08-15 17:36:26","elissat","UPDATE"
34,1,1,"1,34","Azerbaijan","Azerbaijan","Azerbaijan","Azerbaijan",2,"admin0","AZE","1991-01-01 00:00:00",NULL,"2013-05-06 12:35:34","2017-08-15 17:36:26","elissat","UPDATE"
35,1,1,"1,35","Georgia","Georgia","Georgia","Georgia",2,"admin0","GEO","1991-01-01 00:00:00",NULL,"2013-05-06 12:35:34","2017-08-15 17:36:26","elissat","UPDATE"
36,1,1,"1,36","Kazakhstan","Kazakhstan","Kazakhstan","Kazakhstan",2,"admin0","KAZ","1991-01-01 00:00:00",NULL,"2013-05-06 12:35:34","2017-08-15 17:36:26","elissat","UPDATE"
37,1,1,"1,37","Kyrgyzstan","Kyrgyzstan","Kyrgyzstan","Kyrgyzstan",2,"admin0","KGZ","1991-01-01 00:00:00",NULL,"2013-05-06 12:35:34","2017-08-15 17:36:26","elissat","UPDATE"
38,1,1,"1,38","Mongolia","Mongolia","Mongolia","Mongolia",2,"admin0","MNG","1921-01-01 00:00:00",NULL,"2013-05-06 12:35:34","2017-08-15 17:36:26","elissat","UPDATE"
39,1,1,"1,39","Tajikistan","Tajikistan","Tajikistan","Tajikistan",2,"admin0","TJK","1991-01-01 00:00:00",NULL,"2013-05-06 12:35:34","2017-08-15 17:36:26","elissat","UPDATE"
40,1,1,"1,40","Turkmenistan","Turkmenistan","Turkmenistan","Turkmenistan",2,"admin0","TKM","1991-01-01 00:00:00",NULL,"2013-05-06 12:35:34","2017-08-15 17:36:26","elissat","UPDATE"
41,1,1,"1,41","Uzbekistan","Uzbekistan","Uzbekistan","Uzbekistan",2,"admin0","UZB","1991-01-01 00:00:00",NULL,"2013-05-06 12:35:34","2017-08-15 17:36:26","elissat","UPDATE"
43,1,1,"1,43","Albania","Albania","Albania","Albania",2,"admin0","ALB","1912-01-01 00:00:00",NULL,"2013-05-06 12:35:34","2017-08-15 17:36:26","elissat","UPDATE"
44,1,1,"1,44","Bosnia and Herzegovina","Bosnia and Herzegovina","Bosnia","Bosnia and Herzegovina",2,"admin0","BIH","1992-01-01 00:00:00",NULL,"2013-05-06 12:35:34","2017-08-15 17:36:26","elissat","UPDATE"
45,1,1,"1,45","Bulgaria","Bulgaria","Bulgaria","Bulgaria",2,"admin0","BGR","1878-01-01 00:00:00",NULL,"2013-05-06 12:35:34","2017-08-15 17:36:26","elissat","UPDATE"
46,1,1,"1,46","Croatia","Croatia","Croatia","Croatia",2,"admin0","HRV","1991-01-01 00:00:00",NULL,"2013-05-06 12:35:34","2017-08-15 17:36:26","elissat","UPDATE"
47,1,1,"1,47","Czech Republic","Czech Republic","Czech","Czech Republic",2,"admin0","CZE","1993-01-01 00:00:00",NULL,"2013-05-06 12:35:34","2017-08-15 17:36:26","elissat","UPDATE"
48,1,1,"1,48","Hungary","Hungary","Hungary","Hungary",2,"admin0","HUN","1918-01-01 00:00:00",NULL,"2013-05-06 12:35:34","2017-08-15 17:36:26","elissat","UPDATE"
49,1,1,"1,49","Macedonia","Macedonia","Macedonia","Macedonia",2,"admin0","MKD","1991-01-01 00:00:00",NULL,"2013-05-06 12:35:34","2017-08-15 17:36:26","elissat","UPDATE"
50,1,1,"1,50","Montenegro","Montenegro","Montenegro","Montenegro",2,"admin0","MNE","2006-01-01 00:00:00",NULL,"2013-05-06 12:35:34","2017-08-15 17:36:26","elissat","UPDATE"
51,1,1,"1,51","Poland","Poland","Poland","Poland",2,"admin0","POL","1918-01-01 00:00:00",NULL,"2013-05-06 12:35:34","2017-08-15 17:36:26","elissat","UPDATE"
52,1,1,"1,52","Romania","Romania","Romania","Romania",2,"admin0","ROU","1877-01-01 00:00:00",NULL,"2013-05-06 12:35:34","2017-08-15 17:36:26","elissat","UPDATE"
53,1,1,"1,53","Serbia","Serbia","Serbia","Serbia",2,"admin0","SRB","2006-01-01 00:00:00",NULL,"2013-05-06 12:35:34","2017-08-15 17:36:26","elissat","UPDATE"
54,1,1,"1,54","Slovakia","Slovakia","Slovakia","Slovakia",2,"admin0","SVK","1993-01-01 00:00:00",NULL,"2013-05-06 12:35:34","2017-08-15 17:36:26","elissat","UPDATE"
55,1,1,"1,55","Slovenia","Slovenia","Slovenia","Slovenia",2,"admin0","SVN","1991-01-01 00:00:00",NULL,"2013-05-06 12:35:34","2017-08-15 17:36:26","elissat","UPDATE"
57,1,1,"1,57","Belarus","Belarus","Belarus","Belarus",2,"admin0","BLR","1991-01-01 00:00:00",NULL,"2013-05-06 12:35:34","2017-08-15 17:36:26","elissat","UPDATE"
58,1,1,"1,58","Estonia","Estonia","Estonia","Estonia",2,"admin0","EST","1918-01-01 00:00:00",NULL,"2013-05-06 12:35:34","2017-08-15 17:36:26","elissat","UPDATE"
59,1,1,"1,59","Latvia","Latvia","Latvia","Latvia",2,"admin0","LVA","1991-01-01 00:00:00",NULL,"2013-05-06 12:35:34","2017-08-15 17:36:26","elissat","UPDATE"
60,1,1,"1,60","Lithuania","Lithuania","Lithuania","Lithuania",2,"admin0","LTU","1991-01-01 00:00:00",NULL,"2013-05-06 12:35:34","2017-08-15 17:36:26","elissat","UPDATE"
61,1,1,"1,61","Moldova","Moldova","Moldova","Moldova",2,"admin0","MDA","1991-01-01 00:00:00",NULL,"2013-05-06 12:35:34","2017-08-15 17:36:26","elissat","UPDATE"
62,1,1,"1,62","Russian Federation","Russian Federation","Russian Federation","Russian Federation",2,"admin0","RUS","1991-01-01 00:00:00",NULL,"2013-05-06 12:35:34","2017-12-13 13:06:35","elissat","UPDATE"
63,1,1,"1,63","Ukraine","Ukraine","Ukraine","Ukraine",2,"admin0","UKR","1991-01-01 00:00:00",NULL,"2013-05-06 12:35:34","2017-08-15 17:36:26","elissat","UPDATE"
66,1,1,"1,66","Brunei","Brunei","Brunei","Brunei",2,"admin0","BRN","1984-01-01 00:00:00",NULL,"2013-05-06 12:35:34","2017-08-15 17:36:26","elissat","UPDATE"
67,1,1,"1,67","Japan","Japan","Japan","Japan",2,"admin0","JPN","1947-01-01 00:00:00",NULL,"2013-05-06 12:35:34","2017-08-15 17:36:26","elissat","UPDATE"
68,1,1,"1,68","South Korea","South Korea","S Korea","South Korea",2,"admin0","KOR","1945-01-01 00:00:00",NULL,"2013-05-06 12:35:34","2017-08-15 17:36:26","elissat","UPDATE"
69,1,1,"1,69","Singapore","Singapore","Singapore","Singapore",2,"admin0","SGP","1965-01-01 00:00:00",NULL,"2013-05-06 12:35:34","2017-08-15 17:36:26","elissat","UPDATE"
71,1,1,"1,71","Australia","Australia","Australia","Australia",2,"admin0","AUS","1901-01-01 00:00:00",NULL,"2013-05-06 12:35:34","2017-08-15 17:36:26","elissat","UPDATE"
72,1,1,"1,72","New Zealand","New Zealand","New Zealand","New Zealand",2,"admin0","NZL","1907-01-01 00:00:00",NULL,"2013-05-06 12:35:34","2017-08-15 17:36:26","elissat","UPDATE"
74,1,1,"1,74","Andorra","Andorra","Andorra","Andorra",2,"admin0","AND","1278-01-01 00:00:00",NULL,"2013-05-06 12:35:34","2017-08-15 17:36:26","elissat","UPDATE"
75,1,1,"1,75","Austria","Austria","Austria","Austria",2,"admin0","AUT","1918-01-01 00:00:00",NULL,"2013-05-06 12:35:34","2017-08-15 17:36:26","elissat","UPDATE"
76,1,1,"1,76","Belgium","Belgium","Belgium","Belgium",2,"admin0","BEL","1830-01-01 00:00:00",NULL,"2013-05-06 12:35:34","2017-08-15 17:36:26","elissat","UPDATE"
77,1,1,"1,77","Cyprus","Cyprus","Cyprus","Cyprus",2,"admin0","CYP","1960-01-01 00:00:00",NULL,"2013-05-06 12:35:34","2017-08-15 17:36:26","elissat","UPDATE"
78,1,1,"1,78","Denmark","Denmark","Denmark","Denmark",2,"admin0","DNK","1849-01-01 00:00:00",NULL,"2013-05-06 12:35:34","2017-08-15 17:36:26","elissat","UPDATE"
79,1,1,"1,79","Finland","Finland","Finland","Finland",2,"admin0","FIN","1917-01-01 00:00:00",NULL,"2013-05-06 12:35:34","2017-08-15 17:36:26","elissat","UPDATE"
80,1,1,"1,80","France","France","France","France",2,"admin0","FRA","0000-01-01 00:00:00",NULL,"2013-05-06 12:35:34","2017-08-15 17:36:26","elissat","UPDATE"
81,1,1,"1,81","Germany","Germany","Germany","Germany",2,"admin0","DEU","1871-01-01 00:00:00",NULL,"2013-05-06 12:35:34","2017-08-15 17:36:26","elissat","UPDATE"
82,1,1,"1,82","Greece","Greece","Greece","Greece",2,"admin0","GRC","1830-01-01 00:00:00",NULL,"2013-05-06 12:35:34","2017-08-15 17:36:26","elissat","UPDATE"
83,1,1,"1,83","Iceland","Iceland","Iceland","Iceland",2,"admin0","ISL","1944-01-01 00:00:00",NULL,"2013-05-06 12:35:34","2017-08-15 17:36:26","elissat","UPDATE"
84,1,1,"1,84","Ireland","Ireland","Ireland","Ireland",2,"admin0","IRL","1921-01-01 00:00:00",NULL,"2013-05-06 12:35:34","2017-08-15 17:36:26","elissat","UPDATE"
85,1,1,"1,85","Israel","Israel","Israel","Israel",2,"admin0","ISR","1948-01-01 00:00:00",NULL,"2013-05-06 12:35:34","2017-08-15 17:36:26","elissat","UPDATE"
86,1,1,"1,86","Italy","Italy","Italy","Italy",2,"admin0","ITA","1861-01-01 00:00:00",NULL,"2013-05-06 12:35:34","2017-08-15 17:36:26","elissat","UPDATE"
87,1,1,"1,87","Luxembourg","Luxembourg","Luxembourg","Luxembourg",2,"admin0","LUX","1839-01-01 00:00:00",NULL,"2013-05-06 12:35:34","2017-08-15 17:36:26","elissat","UPDATE"
88,1,1,"1,88","Malta","Malta","Malta","Malta",2,"admin0","MLT","1964-01-01 00:00:00",NULL,"2013-05-06 12:35:34","2017-08-15 17:36:26","elissat","UPDATE"
89,1,1,"1,89","Netherlands","Netherlands","Netherlands","Netherlands",2,"admin0","NLD","1581-01-01 00:00:00",NULL,"2013-05-06 12:35:34","2017-08-15 17:36:26","elissat","UPDATE"
90,1,1,"1,90","Norway","Norway","Norway","Norway",2,"admin0","NOR","1905-01-01 00:00:00",NULL,"2013-05-06 12:35:34","2017-08-15 17:36:26","elissat","UPDATE"
91,1,1,"1,91","Portugal","Portugal","Portugal","Portugal",2,"admin0","PRT","1910-01-01 00:00:00",NULL,"2013-05-06 12:35:34","2017-08-15 17:36:26","elissat","UPDATE"
92,1,1,"1,92","Spain","Spain","Spain","Spain",2,"admin0","ESP","1492-01-01 00:00:00",NULL,"2013-05-06 12:35:34","2017-08-15 17:36:26","elissat","UPDATE"
93,1,1,"1,93","Sweden","Sweden","Sweden","Sweden",2,"admin0","SWE","1523-01-01 00:00:00",NULL,"2013-05-06 12:35:34","2017-08-15 17:36:26","elissat","UPDATE"
94,1,1,"1,94","Switzerland","Switzerland","Switzerland","Switzerland",2,"admin0","CHE","1499-01-01 00:00:00",NULL,"2013-05-06 12:35:34","2017-08-15 17:36:26","elissat","UPDATE"
95,1,1,"1,95","United Kingdom","United Kingdom","UK","United Kingdom",2,"admin0","GBR","1927-01-01 00:00:00",NULL,"2013-05-06 12:35:34","2017-08-15 17:36:26","elissat","UPDATE"
97,1,1,"1,97","Argentina","Argentina","Argentina","Argentina",2,"admin0","ARG","1816-01-01 00:00:00",NULL,"2013-05-06 12:35:34","2017-08-15 17:36:26","elissat","UPDATE"
98,1,1,"1,98","Chile","Chile","Chile","Chile",2,"admin0","CHL","1810-01-01 00:00:00",NULL,"2013-05-06 12:35:34","2017-08-15 17:36:26","elissat","UPDATE"
99,1,1,"1,99","Uruguay","Uruguay","Uruguay","Uruguay",2,"admin0","URY","1825-01-01 00:00:00",NULL,"2013-05-06 12:35:34","2017-08-15 17:36:26","elissat","UPDATE"
101,1,1,"1,101","Canada","Canada","Canada","Canada",2,"admin0","CAN","1867-01-01 00:00:00",NULL,"2013-05-06 12:35:34","2017-08-15 17:36:26","elissat","UPDATE"
102,1,1,"1,102","United States","United States","USA","United States",2,"admin0","USA","1776-01-01 00:00:00",NULL,"2013-05-06 12:35:34","2017-08-15 17:36:26","elissat","UPDATE"
105,1,1,"1,105","Antigua and Barbuda","Antigua and Barbuda","Antigua","Antigua and Barbuda",2,"admin0","ATG","1981-01-01 00:00:00",NULL,"2013-05-06 12:35:34","2017-08-15 17:36:26","elissat","UPDATE"
106,1,1,"1,106","The Bahamas","The Bahamas","Bahamas","The Bahamas",2,"admin0","BHS","1973-01-01 00:00:00",NULL,"2013-05-06 12:35:34","2017-08-15 17:36:26","elissat","UPDATE"
107,1,1,"1,107","Barbados","Barbados","Barbados","Barbados",2,"admin0","BRB","1966-01-01 00:00:00",NULL,"2013-05-06 12:35:34","2017-08-15 17:36:26","elissat","UPDATE"
108,1,1,"1,108","Belize","Belize","Belize","Belize",2,"admin0","BLZ","1973-06-01 00:00:00",NULL,"2013-05-06 12:35:34","2017-08-15 17:36:26","elissat","UPDATE"
109,1,1,"1,109","Cuba","Cuba","Cuba","Cuba",2,"admin0","CUB","1902-01-01 00:00:00",NULL,"2013-05-06 12:35:34","2017-08-15 17:36:26","elissat","UPDATE"
110,1,1,"1,110","Dominica","Dominica","Dominica","Dominica",2,"admin0","DMA","1978-01-01 00:00:00",NULL,"2013-05-06 12:35:34","2017-08-15 17:36:26","elissat","UPDATE"
111,1,1,"1,111","Dominican Republic","Dominican Republic","Dominican Rep","Dominican Republic",2,"admin0","DOM","1844-01-01 00:00:00",NULL,"2013-05-06 12:35:34","2017-08-15 17:36:26","elissat","UPDATE"
112,1,1,"1,112","Grenada","Grenada","Grenada","Grenada",2,"admin0","GRD","1974-01-01 00:00:00",NULL,"2013-05-06 12:35:34","2017-08-15 17:36:26","elissat","UPDATE"
113,1,1,"1,113","Guyana","Guyana","Guyana","Guyana",2,"admin0","GUY","1966-01-01 00:00:00",NULL,"2013-05-06 12:35:34","2017-08-15 17:36:26","elissat","UPDATE"
114,1,1,"1,114","Haiti","Haiti","Haiti","Haiti",2,"admin0","HTI","1804-01-01 00:00:00",NULL,"2013-05-06 12:35:34","2017-08-15 17:36:26","elissat","UPDATE"
115,1,1,"1,115","Jamaica","Jamaica","Jamaica","Jamaica",2,"admin0","JAM","1962-01-01 00:00:00",NULL,"2013-05-06 12:35:34","2017-08-15 17:36:26","elissat","UPDATE"
116,1,1,"1,116","Saint Lucia","Saint Lucia","St Lucia","Saint Lucia",2,"admin0","LCA","1979-01-01 00:00:00",NULL,"2013-05-06 12:35:34","2017-08-15 17:36:26","elissat","UPDATE"
117,1,1,"1,117","Saint Vincent and the Grenadines","Saint Vincent and the Grenadines","St Vincent","Saint Vincent and the Grenadines",2,"admin0","VCT","1979-01-01 00:00:00",NULL,"2013-05-06 12:35:34","2017-08-15 17:36:26","elissat","UPDATE"
118,1,1,"1,118","Suriname","Suriname","Suriname","Suriname",2,"admin0","SUR","1975-01-01 00:00:00",NULL,"2013-05-06 12:35:34","2017-08-15 17:36:26","elissat","UPDATE"
119,1,1,"1,119","Trinidad and Tobago","Trinidad and Tobago","Trinidad Tobago","Trinidad and Tobago",2,"admin0","TTO","1962-01-01 00:00:00",NULL,"2013-05-06 12:35:34","2017-08-15 17:36:26","elissat","UPDATE"
121,1,1,"1,121","Bolivia","Bolivia","Bolivia","Bolivia",2,"admin0","BOL","1825-01-01 00:00:00",NULL,"2013-05-06 12:35:34","2017-08-15 17:36:26","elissat","UPDATE"
122,1,1,"1,122","Ecuador","Ecuador","Ecuador","Ecuador",2,"admin0","ECU","1830-01-01 00:00:00",NULL,"2013-05-06 12:35:34","2017-08-15 17:36:26","elissat","UPDATE"
123,1,1,"1,123","Peru","Peru","Peru","Peru",2,"admin0","PER","1821-01-01 00:00:00",NULL,"2013-05-06 12:35:34","2017-08-15 17:36:26","elissat","UPDATE"
125,1,1,"1,125","Colombia","Colombia","Colombia","Colombia",2,"admin0","COL","1810-01-01 00:00:00",NULL,"2013-05-06 12:35:34","2017-08-15 17:36:26","elissat","UPDATE"
126,1,1,"1,126","Costa Rica","Costa Rica","Costa Rica","Costa Rica",2,"admin0","CRI","1821-01-01 00:00:00",NULL,"2013-05-06 12:35:34","2017-08-15 17:36:26","elissat","UPDATE"
127,1,1,"1,127","El Salvador","El Salvador","El Salvador","El Salvador",2,"admin0","SLV","1821-01-01 00:00:00",NULL,"2013-05-06 12:35:34","2017-08-15 17:36:26","elissat","UPDATE"
128,1,1,"1,128","Guatemala","Guatemala","Guatemala","Guatemala",2,"admin0","GTM","1821-01-01 00:00:00",NULL,"2013-05-06 12:35:34","2017-08-15 17:36:26","elissat","UPDATE"
129,1,1,"1,129","Honduras","Honduras","Honduras","Honduras",2,"admin0","HND","1821-01-01 00:00:00",NULL,"2013-05-06 12:35:34","2017-08-15 17:36:26","elissat","UPDATE"
130,1,1,"1,130","Mexico","Mexico","Mexico","Mexico",2,"admin0","MEX","1821-01-01 00:00:00",NULL,"2013-05-06 12:35:34","2017-08-15 17:36:26","elissat","UPDATE"
131,1,1,"1,131","Nicaragua","Nicaragua","Nicaragua","Nicaragua",2,"admin0","NIC","1821-01-01 00:00:00",NULL,"2013-05-06 12:35:34","2017-08-15 17:36:26","elissat","UPDATE"
132,1,1,"1,132","Panama","Panama","Panama","Panama",2,"admin0","PAN","1903-01-01 00:00:00",NULL,"2013-05-06 12:35:34","2017-08-15 17:36:26","elissat","UPDATE"
133,1,1,"1,133","Venezuela","Venezuela","Venezuela","Venezuela",2,"admin0","VEN","1811-01-01 00:00:00",NULL,"2013-05-06 12:35:34","2017-08-15 17:36:26","elissat","UPDATE"
135,1,1,"1,135","Brazil","Brazil","Brazil","Brazil",2,"admin0","BRA","1822-01-01 00:00:00",NULL,"2013-05-06 12:35:34","2017-08-15 17:36:26","elissat","UPDATE"
136,1,1,"1,136","Paraguay","Paraguay","Paraguay","Paraguay",2,"admin0","PRY","1811-01-01 00:00:00",NULL,"2013-05-06 12:35:34","2017-08-15 17:36:26","elissat","UPDATE"
139,1,1,"1,139","Algeria","Algeria","Algeria","Algeria",2,"admin0","DZA","1962-01-01 00:00:00",NULL,"2013-05-06 12:35:34","2017-08-15 17:36:26","elissat","UPDATE"
140,1,1,"1,140","Bahrain","Bahrain","Bahrain","Bahrain",2,"admin0","BHR","1971-01-01 00:00:00",NULL,"2013-05-06 12:35:34","2017-08-15 17:36:26","elissat","UPDATE"
141,1,1,"1,141","Egypt","Egypt","Egypt","Egypt",2,"admin0","EGY","1952-01-01 00:00:00",NULL,"2013-05-06 12:35:34","2017-08-15 17:36:26","elissat","UPDATE"
142,1,1,"1,142","Iran","Iran","Iran","Iran",2,"admin0","IRN","1979-01-01 00:00:00",NULL,"2013-05-06 12:35:34","2017-08-15 17:36:26","elissat","UPDATE"
143,1,1,"1,143","Iraq","Iraq","Iraq","Iraq",2,"admin0","IRQ","1932-01-01 00:00:00",NULL,"2013-05-06 12:35:34","2017-08-15 17:36:26","elissat","UPDATE"
144,1,1,"1,144","Jordan","Jordan","Jordan","Jordan",2,"admin0","JOR","1946-01-01 00:00:00",NULL,"2013-05-06 12:35:34","2017-08-15 17:36:26","elissat","UPDATE"
145,1,1,"1,145","Kuwait","Kuwait","Kuwait","Kuwait",2,"admin0","KWT","1961-01-01 00:00:00",NULL,"2013-05-06 12:35:34","2017-08-15 17:36:26","elissat","UPDATE"
146,1,1,"1,146","Lebanon","Lebanon","Lebanon","Lebanon",2,"admin0","LBN","1943-01-01 00:00:00",NULL,"2013-05-06 12:35:34","2017-08-15 17:36:26","elissat","UPDATE"
147,1,1,"1,147","Libya","Libya","Libya","Libya",2,"admin0","LBY","1941-01-01 00:00:00",NULL,"2013-05-06 12:35:34","2017-08-15 17:36:26","elissat","UPDATE"
148,1,1,"1,148","Morocco","Morocco","Morocco","Morocco",2,"admin0","MAR","1956-01-01 00:00:00",NULL,"2013-05-06 12:35:34","2017-08-15 17:36:26","elissat","UPDATE"
149,1,1,"1,149","Palestine","Palestine","Palestine","Palestine",2,"admin0","PSE","1922-01-01 00:00:00",NULL,"2013-05-06 12:35:34","2017-08-15 17:36:26","elissat","UPDATE"
150,1,1,"1,150","Oman","Oman","Oman","Oman",2,"admin0","OMN","1650-01-01 00:00:00",NULL,"2013-05-06 12:35:34","2017-08-15 17:36:26","elissat","UPDATE"
151,1,1,"1,151","Qatar","Qatar","Qatar","Qatar",2,"admin0","QAT","1971-01-01 00:00:00",NULL,"2013-05-06 12:35:34","2017-08-15 17:36:26","elissat","UPDATE"
152,1,1,"1,152","Saudi Arabia","Saudi Arabia","Saudi Arabia","Saudi Arabia",2,"admin0","SAU","1932-01-01 00:00:00",NULL,"2013-05-06 12:35:34","2017-08-15 17:36:26","elissat","UPDATE"
153,1,1,"1,153","Syria","Syria","Syria","Syria",2,"admin0","SYR","1946-01-01 00:00:00",NULL,"2013-05-06 12:35:34","2017-08-15 17:36:26","elissat","UPDATE"
154,1,1,"1,154","Tunisia","Tunisia","Tunisia","Tunisia",2,"admin0","TUN","1956-01-01 00:00:00",NULL,"2013-05-06 12:35:34","2017-08-15 17:36:26","elissat","UPDATE"
155,1,1,"1,155","Turkey","Turkey","Turkey","Turkey",2,"admin0","TUR","1923-01-01 00:00:00",NULL,"2013-05-06 12:35:34","2017-08-15 17:36:26","elissat","UPDATE"
156,1,1,"1,156","United Arab Emirates","United Arab Emirates","UAE","United Arab Emirates",2,"admin0","ARE","1971-01-01 00:00:00",NULL,"2013-05-06 12:35:34","2017-08-15 17:36:26","elissat","UPDATE"
157,1,1,"1,157","Yemen","Yemen","Yemen","Yemen",2,"admin0","YEM","1990-06-01 00:00:00",NULL,"2013-05-06 12:35:34","2017-08-15 17:36:26","elissat","UPDATE"
160,1,1,"1,160","Afghanistan","Afghanistan","Afghanistan","Afghanistan",2,"admin0","AFG","1919-01-01 00:00:00",NULL,"2013-05-06 12:35:34","2017-08-15 17:36:26","elissat","UPDATE"
161,1,1,"1,161","Bangladesh","Bangladesh","Bangladesh","Bangladesh",2,"admin0","BGD","1972-01-01 00:00:00",NULL,"2013-05-06 12:35:34","2017-08-15 17:36:26","elissat","UPDATE"
162,1,1,"1,162","Bhutan","Bhutan","Bhutan","Bhutan",2,"admin0","BTN","1907-01-01 00:00:00",NULL,"2013-05-06 12:35:34","2017-08-15 17:36:26","elissat","UPDATE"
163,1,1,"1,163","India","India","India","India",2,"admin0","IND","1947-01-01 00:00:00",NULL,"2013-05-06 12:35:34","2017-08-15 17:36:26","elissat","UPDATE"
164,1,1,"1,164","Nepal","Nepal","Nepal","Nepal",2,"admin0","NPL","1768-01-01 00:00:00",NULL,"2013-05-06 12:35:34","2017-08-15 17:36:26","elissat","UPDATE"
165,1,1,"1,165","Pakistan","Pakistan","Pakistan","Pakistan",2,"admin0","PAK","1947-01-01 00:00:00",NULL,"2013-05-06 12:35:34","2017-08-15 17:36:26","elissat","UPDATE"
168,1,1,"1,168","Angola","Angola","Angola","Angola",2,"admin0","AGO","1975-01-01 00:00:00",NULL,"2013-05-06 12:35:34","2017-08-15 17:36:26","elissat","UPDATE"
169,1,1,"1,169","Central African Republic","Central African Republic","C African Rep","Central African Republic",2,"admin0","CAF","1960-01-01 00:00:00",NULL,"2013-05-06 12:35:34","2017-08-15 17:36:26","elissat","UPDATE"
170,1,1,"1,170","Congo","Congo","Congo","Congo",2,"admin0","COG","1960-01-01 00:00:00",NULL,"2013-05-06 12:35:34","2017-08-15 17:36:26","elissat","UPDATE"
171,1,1,"1,171","Democratic Republic of the Congo","Democratic Republic of the Congo","Congo DR","Democratic Republic of the Congo",2,"admin0","COD","1994-01-01 00:00:00",NULL,"2013-05-06 12:35:34","2017-08-15 17:36:26","elissat","UPDATE"
172,1,1,"1,172","Equatorial Guinea","Equatorial Guinea","Eq Guinea","Equatorial Guinea",2,"admin0","GNQ","1968-01-01 00:00:00",NULL,"2013-05-06 12:35:34","2017-08-15 17:36:26","elissat","UPDATE"
173,1,1,"1,173","Gabon","Gabon","Gabon","Gabon",2,"admin0","GAB","1960-01-01 00:00:00",NULL,"2013-05-06 12:35:34","2017-08-15 17:36:26","elissat","UPDATE"
175,1,1,"1,175","Burundi","Burundi","Burundi","Burundi",2,"admin0","BDI","1962-01-01 00:00:00",NULL,"2013-05-06 12:35:34","2017-08-15 17:36:26","elissat","UPDATE"
176,1,1,"1,176","Comoros","Comoros","Comoros","Comoros",2,"admin0","COM","1975-01-01 00:00:00",NULL,"2013-05-06 12:35:34","2017-08-15 17:36:26","elissat","UPDATE"
177,1,1,"1,177","Djibouti","Djibouti","Djibouti","Djibouti",2,"admin0","DJI","1977-01-01 00:00:00",NULL,"2013-05-06 12:35:34","2017-08-15 17:36:26","elissat","UPDATE"
178,1,1,"1,178","Eritrea","Eritrea","Eritrea","Eritrea",2,"admin0","ERI","1993-05-01 00:00:00",NULL,"2013-05-06 12:35:34","2017-08-15 17:36:26","elissat","UPDATE"
179,1,1,"1,179","Ethiopia","Ethiopia","Ethiopia","Ethiopia",2,"admin0","ETH","0000-01-01 00:00:00",NULL,"2013-05-06 12:35:34","2017-08-15 17:36:26","elissat","UPDATE"
180,1,1,"1,180","Kenya","Kenya","Kenya","Kenya",2,"admin0","KEN","1963-01-01 00:00:00",NULL,"2013-05-06 12:35:34","2017-08-15 17:36:26","elissat","UPDATE"
181,1,1,"1,181","Madagascar","Madagascar","Madagascar","Madagascar",2,"admin0","MDG","1960-01-01 00:00:00",NULL,"2013-05-06 12:35:34","2017-08-15 17:36:26","elissat","UPDATE"
182,1,1,"1,182","Malawi","Malawi","Malawi","Malawi",2,"admin0","MWI","1964-01-01 00:00:00",NULL,"2013-05-06 12:35:34","2017-08-15 17:36:26","elissat","UPDATE"
183,1,1,"1,183","Mauritius","Mauritius","Mauritius","Mauritius",2,"admin0","MUS","1968-01-01 00:00:00",NULL,"2013-05-06 12:35:34","2017-08-15 17:36:26","elissat","UPDATE"
184,1,1,"1,184","Mozambique","Mozambique","Mozambique","Mozambique",2,"admin0","MOZ","1975-01-01 00:00:00",NULL,"2013-05-06 12:35:34","2017-08-15 17:36:26","elissat","UPDATE"
185,1,1,"1,185","Rwanda","Rwanda","Rwanda","Rwanda",2,"admin0","RWA","1962-01-01 00:00:00",NULL,"2013-05-06 12:35:34","2017-08-15 17:36:26","elissat","UPDATE"
186,1,1,"1,186","Seychelles","Seychelles","Seychelles","Seychelles",2,"admin0","SYC","1976-01-01 00:00:00",NULL,"2013-05-06 12:35:34","2017-08-15 17:36:26","elissat","UPDATE"
187,1,1,"1,187","Somalia","Somalia","Somalia","Somalia",2,"admin0","SOM","1960-01-01 00:00:00",NULL,"2013-05-06 12:35:34","2017-08-15 17:36:26","elissat","UPDATE"
188,1,1,"1,188","Sudan","Sudan","Sudan","Sudan",2,"admin0","SDN","1956-01-01 00:00:00","2011-12-31 00:00:00","2013-05-06 12:35:34","2017-08-15 17:36:26","elissat","UPDATE"
189,1,1,"1,189","Tanzania","Tanzania","Tanzania","Tanzania",2,"admin0","TZA","1964-01-01 00:00:00",NULL,"2013-05-06 12:35:34","2017-08-15 17:36:26","elissat","UPDATE"
190,1,1,"1,190","Uganda","Uganda","Uganda","Uganda",2,"admin0","UGA","1962-01-01 00:00:00",NULL,"2013-05-06 12:35:34","2017-08-15 17:36:26","elissat","UPDATE"
191,1,1,"1,191","Zambia","Zambia","Zambia","Zambia",2,"admin0","ZMB","1964-01-01 00:00:00",NULL,"2013-05-06 12:35:34","2017-08-15 17:36:26","elissat","UPDATE"
193,1,1,"1,193","Botswana","Botswana","Botswana","Botswana",2,"admin0","BWA","1966-01-01 00:00:00",NULL,"2013-05-06 12:35:34","2017-08-15 17:36:26","elissat","UPDATE"
194,1,1,"1,194","Lesotho","Lesotho","Lesotho","Lesotho",2,"admin0","LSO","1966-01-01 00:00:00",NULL,"2013-05-06 12:35:34","2017-08-15 17:36:26","elissat","UPDATE"
195,1,1,"1,195","Namibia","Namibia","Namibia","Namibia",2,"admin0","NAM","1990-01-01 00:00:00",NULL,"2013-05-06 12:35:34","2017-08-15 17:36:26","elissat","UPDATE"
196,1,1,"1,196","South Africa","South Africa","S Africa","South Africa",2,"admin0","ZAF","1961-01-01 00:00:00",NULL,"2013-05-06 12:35:34","2017-08-15 17:36:26","elissat","UPDATE"
197,1,1,"1,197","Swaziland","Swaziland","Swaziland","Swaziland",2,"admin0","SWZ","1968-01-01 00:00:00",NULL,"2013-05-06 12:35:34","2017-08-15 17:36:26","elissat","UPDATE"
198,1,1,"1,198","Zimbabwe","Zimbabwe","Zimbabwe","Zimbabwe",2,"admin0","ZWE","1980-05-01 00:00:00",NULL,"2013-05-06 12:35:34","2017-08-15 17:36:26","elissat","UPDATE"
200,1,1,"1,200","Benin","Benin","Benin","Benin",2,"admin0","BEN","1960-01-01 00:00:00",NULL,"2013-05-06 12:35:34","2017-08-15 17:36:26","elissat","UPDATE"
201,1,1,"1,201","Burkina Faso","Burkina Faso","Burkina Faso","Burkina Faso",2,"admin0","BFA","1960-01-01 00:00:00",NULL,"2013-05-06 12:35:34","2017-08-15 17:36:26","elissat","UPDATE"
202,1,1,"1,202","Cameroon","Cameroon","Cameroon","Cameroon",2,"admin0","CMR","1960-01-01 00:00:00",NULL,"2013-05-06 12:35:34","2017-08-15 17:36:26","elissat","UPDATE"
203,1,1,"1,203","Cape Verde","Cape Verde","Cape Verde","Cape Verde",2,"admin0","CPV","1975-01-01 00:00:00",NULL,"2013-05-06 12:35:34","2017-08-15 17:36:26","elissat","UPDATE"
204,1,1,"1,204","Chad","Chad","Chad","Chad",2,"admin0","TCD","1960-01-01 00:00:00",NULL,"2013-05-06 12:35:34","2017-08-15 17:36:26","elissat","UPDATE"
205,1,1,"1,205","Cote d'Ivoire","Cote d'Ivoire","Cote d'Ivoire","Cote d'Ivoire",2,"admin0","CIV","1960-01-01 00:00:00",NULL,"2013-05-06 12:35:34","2017-08-15 17:36:26","elissat","UPDATE"
206,1,1,"1,206","The Gambia","The Gambia","Gambia","The Gambia",2,"admin0","GMB","1965-01-01 00:00:00",NULL,"2013-05-06 12:35:34","2017-08-15 17:36:26","elissat","UPDATE"
207,1,1,"1,207","Ghana","Ghana","Ghana","Ghana",2,"admin0","GHA","1957-01-01 00:00:00",NULL,"2013-05-06 12:35:34","2017-08-15 17:36:26","elissat","UPDATE"
208,1,1,"1,208","Guinea","Guinea","Guinea","Guinea",2,"admin0","GIN","1958-01-01 00:00:00",NULL,"2013-05-06 12:35:34","2017-08-15 17:36:26","elissat","UPDATE"
209,1,1,"1,209","Guinea-Bissau","Guinea-Bissau","Guinea-Bissau","Guinea-Bissau",2,"admin0","GNB","1974-01-01 00:00:00",NULL,"2013-05-06 12:35:34","2017-08-15 17:36:26","elissat","UPDATE"
210,1,1,"1,210","Liberia","Liberia","Liberia","Liberia",2,"admin0","LBR","1947-01-01 00:00:00",NULL,"2013-05-06 12:35:34","2017-08-15 17:36:26","elissat","UPDATE"
211,1,1,"1,211","Mali","Mali","Mali","Mali",2,"admin0","MLI","1960-01-01 00:00:00",NULL,"2013-05-06 12:35:34","2017-08-15 17:36:26","elissat","UPDATE"
212,1,1,"1,212","Mauritania","Mauritania","Mauritania","Mauritania",2,"admin0","MRT","1960-01-01 00:00:00",NULL,"2013-05-06 12:35:34","2017-08-15 17:36:26","elissat","UPDATE"
213,1,1,"1,213","Niger","Niger","Niger","Niger",2,"admin0","NER","1960-01-01 00:00:00",NULL,"2013-05-06 12:35:34","2017-08-15 17:36:26","elissat","UPDATE"
214,1,1,"1,214","Nigeria","Nigeria","Nigeria","Nigeria",2,"admin0","NGA","1960-01-01 00:00:00",NULL,"2013-05-06 12:35:34","2017-08-15 17:36:26","elissat","UPDATE"
215,1,1,"1,215","Sao Tome and Principe","Sao Tome and Principe","Sao Tome Principe","Sao Tome and Principe",2,"admin0","STP","1975-01-01 00:00:00",NULL,"2013-05-06 12:35:34","2017-08-15 17:36:26","elissat","UPDATE"
216,1,1,"1,216","Senegal","Senegal","Senegal","Senegal",2,"admin0","SEN","1960-01-01 00:00:00",NULL,"2013-05-06 12:35:34","2017-08-15 17:36:26","elissat","UPDATE"
217,1,1,"1,217","Sierra Leone","Sierra Leone","Sierra Leone","Sierra Leone",2,"admin0","SLE","1961-01-01 00:00:00",NULL,"2013-05-06 12:35:34","2017-08-15 17:36:26","elissat","UPDATE"
218,1,1,"1,218","Togo","Togo","Togo","Togo",2,"admin0","TGO","1960-01-01 00:00:00",NULL,"2013-05-06 12:35:34","2017-08-15 17:36:26","elissat","UPDATE"
296,1,1,"1,296","Akrotiri and Dhekelia","Akrotiri and Dhekelia","Akrotiri & Dhekelia","Akrotiri and Dhekelia",2,"admin0",NULL,"1960-01-01 00:00:00",NULL,"2013-05-06 12:35:34","2017-08-15 17:36:26","elissat","UPDATE"
297,1,1,"1,297","Aland Islands","Aland Islands","Aland","Aland Islands",2,"admin0",NULL,"1950-01-01 00:00:00",NULL,"2013-05-06 12:35:34","2017-08-15 17:36:26","elissat","UPDATE"
301,1,1,"1,301","Ascension Island","Ascension Island","Ascension","Ascension Island",2,"admin0",NULL,"0000-01-01 00:00:00",NULL,"2013-05-06 12:35:34","2017-08-15 17:36:26","elissat","UPDATE"
302,1,1,"1,302","Basutoland","Basutoland","Basutoland","Basutoland",2,"admin0",NULL,"1884-01-01 00:00:00","1966-12-31 00:00:00","2013-05-06 12:35:34","2017-08-15 17:36:26","elissat","UPDATE"
303,1,1,"1,303","Bechuanaland","Bechuanaland","Bechuanaland","Bechuanaland",2,"admin0",NULL,"1885-01-01 00:00:00","1966-12-31 00:00:00","2013-05-06 12:35:34","2017-08-15 17:36:26","elissat","UPDATE"
304,1,1,"1,304","Belgian Congo","Belgian Congo","Belgian Congo","Belgian Congo",2,"admin0",NULL,"1950-01-01 00:00:00","1960-12-31 00:00:00","2013-05-06 12:35:34","2017-08-15 17:36:26","elissat","UPDATE"
306,1,1,"1,306","British Antarctic Territory","British Antarctic Territory","British Antarctic Terr","British Antarctic Territory",2,"admin0",NULL,"1908-01-01 00:00:00",NULL,"2013-05-06 12:35:34","2017-08-15 17:36:26","elissat","UPDATE"
307,1,1,"1,307","British Guiana","British Guiana","British Guiana","British Guiana",2,"admin0",NULL,"1950-01-01 00:00:00","1966-12-31 00:00:00","2013-05-06 12:35:34","2017-08-15 17:36:26","elissat","UPDATE"
308,1,1,"1,308","British Honduras","British Honduras","British Honduras","British Honduras",2,"admin0",NULL,"1950-01-01 00:00:00","1973-05-31 00:00:00","2013-05-06 12:35:34","2017-08-15 17:36:26","elissat","UPDATE"
309,1,1,"1,309","Burma","Burma","Burma","Burma",2,"admin0",NULL,"1950-01-01 00:00:00","1989-12-31 00:00:00","2013-05-06 12:35:34","2017-08-15 17:36:26","elissat","UPDATE"
310,1,1,"1,310","Byelorussian SSR","Byelorussian SSR","Byelorussian SSR","Byelorussian SSR",2,"admin0",NULL,"1950-01-01 00:00:00","1991-12-31 00:00:00","2013-05-06 12:35:34","2017-08-15 17:36:26","elissat","UPDATE"
311,1,1,"1,311","Canary Islands","Canary Islands","Canary","Canary Islands",2,"admin0",NULL,"1982-01-01 00:00:00",NULL,"2013-05-06 12:35:34","2017-08-15 17:36:26","elissat","UPDATE"
312,1,1,"1,312","Canton and Enderbury Islands","Canton and Enderbury Islands","Canton & Enderbury","Canton and Enderbury Islands",2,"admin0",NULL,"1939-01-01 00:00:00",NULL,"2013-05-06 12:35:34","2017-08-15 17:36:26","elissat","UPDATE"
314,1,1,"1,314","Central African Empire","Central African Empire","C African Empire","Central African Empire",2,"admin0",NULL,"1976-01-01 00:00:00","1979-12-31 00:00:00","2013-05-06 12:35:34","2017-08-15 17:36:26","elissat","UPDATE"
315,1,1,"1,315","Central African Republic, Former","Central African Republic, Former","C African Rep Former","Central African Republic, Former",2,"admin0",NULL,"1960-01-01 00:00:00","1976-12-31 00:00:00","2013-05-06 12:35:34","2017-08-15 17:36:26","elissat","UPDATE"
316,1,1,"1,316","Ceylon","Ceylon","Ceylon","Ceylon",2,"admin0",NULL,"1950-01-01 00:00:00","1972-12-31 00:00:00","2013-05-06 12:35:34","2017-08-15 17:36:26","elissat","UPDATE"
317,1,1,"1,317","Channel Islands","Channel Islands","Channel","Channel Islands",2,"admin0",NULL,"1950-01-01 00:00:00",NULL,"2013-05-06 12:35:34","2017-08-15 17:36:26","elissat","UPDATE"
321,1,1,"1,321","Czechoslovakia","Czechoslovakia","Czechoslovakia","Czechoslovakia",2,"admin0",NULL,"1950-01-01 00:00:00","1993-12-31 00:00:00","2013-05-06 12:35:34","2017-08-15 17:36:26","elissat","UPDATE"
322,1,1,"1,322","Dahomey","Dahomey","Dahomey","Dahomey",2,"admin0",NULL,"1950-01-01 00:00:00","1975-12-31 00:00:00","2013-05-06 12:35:34","2017-08-15 17:36:26","elissat","UPDATE"
323,1,1,"1,323","Democratic Kampuchea","Democratic Kampuchea","Dem Kampuchea","Democratic Kampuchea",2,"admin0",NULL,"1975-01-01 00:00:00","1979-12-31 00:00:00","2013-05-06 12:35:34","2017-08-15 17:36:26","elissat","UPDATE"
324,1,1,"1,324","Democratic Republic of the Congo, Former","Democratic Republic of the Congo, Former","Dem Rep Congo Former","Democratic Republic of the Congo, Former",2,"admin0",NULL,"1960-01-01 00:00:00","1970-12-31 00:00:00","2013-05-06 12:35:34","2017-08-15 17:36:26","elissat","UPDATE"
326,1,1,"1,326","Dronning Maud Land","Dronning Maud Land","Dronning Maud Land","Dronning Maud Land",2,"admin0",NULL,"1939-01-01 00:00:00",NULL,"2013-05-06 12:35:34","2017-08-15 17:36:26","elissat","UPDATE"
327,1,1,"1,327","Dutch Guiana","Dutch Guiana","Dutch Guiana","Dutch Guiana",2,"admin0",NULL,"1950-01-01 00:00:00","1975-12-31 00:00:00","2013-05-06 12:35:34","2017-08-15 17:36:26","elissat","UPDATE"
328,1,1,"1,328","East Timor","East Timor","E Timor","East Timor",2,"admin0",NULL,"1975-01-01 00:00:00","2002-12-31 00:00:00","2013-05-06 12:35:34","2017-08-15 17:36:26","elissat","UPDATE"
329,1,1,"1,329","Ellice Islands","Ellice Islands","Ellice","Ellice Islands",2,"admin0",NULL,"1975-01-01 00:00:00","1978-12-31 00:00:00","2013-05-06 12:35:34","2017-08-15 17:36:26","elissat","UPDATE"
330,1,1,"1,330","Ethiopia PDR","Ethiopia PDR","Ethiopia PDR","Ethiopia PDR",2,"admin0",NULL,"1950-01-01 00:00:00","1993-12-31 00:00:00","2013-05-06 12:35:34","2017-08-15 17:36:26","elissat","UPDATE"
333,1,1,"1,333","Federal Republic of Yugoslavia","Federal Republic of Yugoslavia","Fed Rep Yugoslavia","Federal Republic of Yugoslavia",2,"admin0",NULL,"1992-01-01 00:00:00","2003-12-31 00:00:00","2013-05-06 12:35:34","2017-08-15 17:36:26","elissat","UPDATE"
334,1,1,"1,334","Federation of Malaya","Federation of Malaya","Fed Malaya","Federation of Malaya",2,"admin0",NULL,"1950-01-01 00:00:00","1963-12-31 00:00:00","2013-05-06 12:35:34","2017-08-15 17:36:26","elissat","UPDATE"
335,1,1,"1,335","Federation of Malaysia (with Singapore)","Federation of Malaysia (with Singapore)","Fed Malaysia","Federation of Malaysia (with Singapore)",2,"admin0",NULL,"1963-01-01 00:00:00","1965-12-31 00:00:00","2013-05-06 12:35:34","2017-08-15 17:36:26","elissat","UPDATE"
336,1,1,"1,336","Federation of Rhodesia and Nyasaland","Federation of Rhodesia and Nyasaland","Fed Rhodesia","Federation of Rhodesia and Nyasaland",2,"admin0",NULL,"1953-01-01 00:00:00","1964-12-31 00:00:00","2013-05-06 12:35:34","2017-08-15 17:36:26","elissat","UPDATE"
337,1,1,"1,337","French Afar and Issas","French Afar and Issas","French Afar & Issas","French Afar and Issas",2,"admin0",NULL,"1967-01-01 00:00:00","1977-12-31 00:00:00","2013-05-06 12:35:34","2017-08-15 17:36:26","elissat","UPDATE"
340,1,1,"1,340","French Somaliland","French Somaliland","French Somaliland","French Somaliland",2,"admin0",NULL,"1950-01-01 00:00:00","1967-12-31 00:00:00","2013-05-06 12:35:34","2017-08-15 17:36:26","elissat","UPDATE"
341,1,1,"1,341","French Sudan","French Sudan","French Sudan","French Sudan",2,"admin0",NULL,"1950-01-01 00:00:00","1958-12-31 00:00:00","2013-05-06 12:35:34","2017-08-15 17:36:26","elissat","UPDATE"
342,1,1,"1,342","Gambia, Former","Gambia, Former","Gambia Former","Gambia, Former",2,"admin0",NULL,"1950-01-01 00:00:00","1982-12-31 00:00:00","2013-05-06 12:35:34","2017-08-15 17:36:26","elissat","UPDATE"
343,1,1,"1,343","German Democratic Republic","German Democratic Republic","German Dem Rep","German Democratic Republic",2,"admin0",NULL,"1950-01-01 00:00:00","1990-12-31 00:00:00","2013-05-06 12:35:34","2017-08-15 17:36:26","elissat","UPDATE"
344,1,1,"1,344","Federal Republic of Germany","Federal Republic of Germany","Fed Rep Germany","Federal Republic of Germany",2,"admin0",NULL,"0000-01-01 00:00:00","1990-12-31 00:00:00","2013-05-06 12:35:34","2017-08-15 17:36:26","elissat","UPDATE"
346,1,1,"1,346","Gilbert and Ellice Islands","Gilbert and Ellice Islands","Gilbert & Ellice","Gilbert and Ellice Islands",2,"admin0",NULL,"1950-01-01 00:00:00","1975-12-31 00:00:00","2013-05-06 12:35:34","2017-08-15 17:36:26","elissat","UPDATE"
347,1,1,"1,347","Gilbert Islands","Gilbert Islands","Gilbert","Gilbert Islands",2,"admin0",NULL,"1975-01-01 00:00:00","1979-12-31 00:00:00","2013-05-06 12:35:34","2017-08-15 17:36:26","elissat","UPDATE"
348,1,1,"1,348","Gold Coast","Gold Coast","Gold Coast","Gold Coast",2,"admin0",NULL,"1950-01-01 00:00:00","1957-12-31 00:00:00","2013-05-06 12:35:34","2017-08-15 17:36:26","elissat","UPDATE"
353,1,1,"1,353","Holy See (Vatican City)","Holy See (Vatican City)","Holy See","Holy See (Vatican City)",2,"admin0",NULL,"1950-01-01 00:00:00",NULL,"2013-05-06 12:35:34","2017-08-15 17:36:26","elissat","UPDATE"
357,1,1,"1,357","Khmer Republic","Khmer Republic","Khmer Rep","Khmer Republic",2,"admin0",NULL,"1970-01-01 00:00:00","1975-12-31 00:00:00","2013-05-06 12:35:34","2017-08-15 17:36:26","elissat","UPDATE"
358,1,1,"1,358","Kingdom of Cambodia, Former","Kingdom of Cambodia, Former","Cambodia Former","Kingdom of Cambodia, Former",2,"admin0",NULL,"1953-01-01 00:00:00","1970-12-31 00:00:00","2013-05-06 12:35:34","2017-08-15 17:36:26","elissat","UPDATE"
359,1,1,"1,359","Kosovo","Kosovo","Kosovo","Kosovo",2,"admin0",NULL,"2008-01-01 00:00:00",NULL,"2013-05-06 12:35:34","2017-08-15 17:36:26","elissat","UPDATE"
360,1,1,"1,360","Liechtenstein","Liechtenstein","Liechtenstein","Liechtenstein",2,"admin0",NULL,"1950-01-01 00:00:00",NULL,"2013-05-06 12:35:34","2017-08-15 17:36:26","elissat","UPDATE"
362,1,1,"1,362","Mali Federation","Mali Federation","Mali Fed","Mali Federation",2,"admin0",NULL,"1959-01-01 00:00:00","1960-12-31 00:00:00","2013-05-06 12:35:34","2017-08-15 17:36:26","elissat","UPDATE"
365,1,1,"1,365","Middle Congo","Middle Congo","Mid Congo","Middle Congo",2,"admin0",NULL,"1950-01-01 00:00:00","1960-12-31 00:00:00","2013-05-06 12:35:34","2017-08-15 17:36:26","elissat","UPDATE"
367,1,1,"1,367","Monaco","Monaco","Monaco","Monaco",2,"admin0",NULL,"1950-01-01 00:00:00",NULL,"2013-05-06 12:35:34","2017-08-15 17:36:26","elissat","UPDATE"
369,1,1,"1,369","Nauru","Nauru","Nauru","Nauru",2,"admin0",NULL,"1950-01-01 00:00:00",NULL,"2013-05-06 12:35:34","2017-08-15 17:36:26","elissat","UPDATE"
373,1,1,"1,373","New Hebrides","New Hebrides","New Hebrides","New Hebrides",2,"admin0",NULL,"1950-01-01 00:00:00","1980-07-31 00:00:00","2013-05-06 12:35:34","2017-08-15 17:36:26","elissat","UPDATE"
377,1,1,"1,377","Northern Rhodesia","Northern Rhodesia","N Rhodesia","Northern Rhodesia",2,"admin0",NULL,"1950-01-01 00:00:00","1953-12-31 00:00:00","2013-05-06 12:35:34","2017-08-15 17:36:26","elissat","UPDATE"
378,1,1,"1,378","Nyasaland","Nyasaland","Nyasaland","Nyasaland",2,"admin0",NULL,"1950-01-01 00:00:00","1953-12-31 00:00:00","2013-05-06 12:35:34","2017-08-15 17:36:26","elissat","UPDATE"
379,1,1,"1,379","Pacific Islands, Trust Territory of the","Pacific Islands, Trust Territory of the","Pac Isl Trust Terr","Pacific Islands, Trust Territory of the",2,"admin0",NULL,"1947-01-01 00:00:00","1994-09-30 00:00:00","2013-05-06 12:35:34","2017-08-15 17:36:26","elissat","UPDATE"
380,1,1,"1,380","Palau","Palau","Palau","Palau",2,"admin0",NULL,"1994-10-01 00:00:00",NULL,"2013-05-06 12:35:34","2017-08-15 17:36:26","elissat","UPDATE"
381,1,1,"1,381","People's Republic of Kampuchea","People's Republic of Kampuchea","Rep Kampuchea","People's Republic of Kampuchea",2,"admin0",NULL,"1979-01-01 00:00:00","1989-04-30 00:00:00","2013-05-06 12:35:34","2017-08-15 17:36:26","elissat","UPDATE"
383,1,1,"1,383","Portugese Guinea","Portugese Guinea","Portugese Guinea","Portugese Guinea",2,"admin0",NULL,"1950-01-01 00:00:00","1974-12-31 00:00:00","2013-05-06 12:35:34","2017-08-15 17:36:26","elissat","UPDATE"
384,1,1,"1,384","Portugese Timor","Portugese Timor","Portugese Timor","Portugese Timor",2,"admin0",NULL,"1950-01-01 00:00:00","1975-12-31 00:00:00","2013-05-06 12:35:34","2017-08-15 17:36:26","elissat","UPDATE"
386,1,1,"1,386","Republic of Sri Lanka","Republic of Sri Lanka","Rep Sri Lanka","Republic of Sri Lanka",2,"admin0",NULL,"1972-01-01 00:00:00","1978-12-31 00:00:00","2013-05-06 12:35:34","2017-08-15 17:36:26","elissat","UPDATE"
388,1,1,"1,388","Rhodesia","Rhodesia","Rhodesia","Rhodesia",2,"admin0",NULL,"1964-01-01 00:00:00","1979-12-31 00:00:00","2013-05-06 12:35:34","2017-08-15 17:36:26","elissat","UPDATE"
389,1,1,"1,389","Ryu Kyu Islands","Ryu Kyu Islands","Ryu Kyu","Ryu Kyu Islands",2,"admin0",NULL,"0000-01-01 00:00:00",NULL,"2013-05-06 12:35:34","2017-08-15 17:36:26","elissat","UPDATE"
390,1,1,"1,390","Sabah","Sabah","Sabah","Sabah",2,"admin0",NULL,"1950-01-01 00:00:00","1963-12-31 00:00:00","2013-05-06 12:35:34","2017-08-15 17:36:26","elissat","UPDATE"
393,1,1,"1,393","Saint Kitts and Nevis","Saint Kitts and Nevis","St Kitts & Nevis","Saint Kitts and Nevis",2,"admin0",NULL,"1950-01-01 00:00:00",NULL,"2013-05-06 12:35:34","2017-08-15 17:36:26","elissat","UPDATE"
396,1,1,"1,396","San Marino","San Marino","San Marino","San Marino",2,"admin0",NULL,"1950-01-01 00:00:00",NULL,"2013-05-06 12:35:34","2017-08-15 17:36:26","elissat","UPDATE"
397,1,1,"1,397","Sarawak","Sarawak","Sarawak","Sarawak",2,"admin0",NULL,"1950-01-01 00:00:00","1963-12-31 00:00:00","2013-05-06 12:35:34","2017-08-15 17:36:26","elissat","UPDATE"
398,1,1,"1,398","Senegal, Former","Senegal, Former","Senegal Former","Senegal, Former",2,"admin0",NULL,"1960-01-01 00:00:00","1982-12-31 00:00:00","2013-05-06 12:35:34","2017-08-15 17:36:26","elissat","UPDATE"
399,1,1,"1,399","Senegal, Former French","Senegal, Former French","Senegal Former French","Senegal, Former French",2,"admin0",NULL,"1950-01-01 00:00:00","1959-12-31 00:00:00","2013-05-06 12:35:34","2017-08-15 17:36:26","elissat","UPDATE"
400,1,1,"1,400","Senegambia","Senegambia","Senegambia","Senegambia",2,"admin0",NULL,"1982-01-01 00:00:00","1989-12-31 00:00:00","2013-05-06 12:35:34","2017-08-15 17:36:26","elissat","UPDATE"
402,1,1,"1,402","Serbia (without Kosovo)","Serbia (without Kosovo)","Serbia WO Kosovo","Serbia (without Kosovo)",2,"admin0",NULL,"2008-01-01 00:00:00",NULL,"2013-05-06 12:35:34","2017-08-15 17:36:26","elissat","UPDATE"
403,1,1,"1,403","Serbia and Montenegro","Serbia and Montenegro","Serbia & Montenegro","Serbia and Montenegro",2,"admin0",NULL,"2003-01-01 00:00:00","2006-12-31 00:00:00","2013-05-06 12:35:34","2017-08-15 17:36:26","elissat","UPDATE"
404,1,1,"1,404","Singapore, Former","Singapore, Former","Singapore Former","Singapore, Former",2,"admin0",NULL,"1950-01-01 00:00:00","1963-12-31 00:00:00","2013-05-06 12:35:34","2017-08-15 17:36:26","elissat","UPDATE"
405,1,1,"1,405","South West Africa","South West Africa","SW Africa","South West Africa",2,"admin0",NULL,"1950-01-01 00:00:00","1968-12-31 00:00:00","2013-05-06 12:35:34","2017-08-15 17:36:26","elissat","UPDATE"
406,1,1,"1,406","Southern Rhodesia","Southern Rhodesia","S Rhodesia","Southern Rhodesia",2,"admin0",NULL,"1950-01-01 00:00:00","1980-04-30 00:00:00","2013-05-06 12:35:34","2017-08-15 17:36:26","elissat","UPDATE"
407,1,1,"1,407","Spanish Guinea","Spanish Guinea","Spanish Guinea","Spanish Guinea",2,"admin0",NULL,"1950-01-01 00:00:00","1968-12-31 00:00:00","2013-05-06 12:35:34","2017-08-15 17:36:26","elissat","UPDATE"
408,1,1,"1,408","Spanish Sahara","Spanish Sahara","Spanish Sahara","Spanish Sahara",2,"admin0",NULL,"1958-01-01 00:00:00","1976-12-31 00:00:00","2013-05-06 12:35:34","2017-08-15 17:36:26","elissat","UPDATE"
409,1,1,"1,409","State of Cambodia","State of Cambodia","State Cambodia","State of Cambodia",2,"admin0",NULL,"1989-01-01 00:00:00","1993-12-31 00:00:00","2013-05-06 12:35:34","2017-08-15 17:36:26","elissat","UPDATE"
410,1,1,"1,410","Sudanese Republic","Sudanese Republic","Sudanese Rep","Sudanese Republic",2,"admin0",NULL,"1958-01-01 00:00:00","1959-12-31 00:00:00","2013-05-06 12:35:34","2017-08-15 17:36:26","elissat","UPDATE"
412,1,1,"1,412","Tanganyika","Tanganyika","Tanganyika","Tanganyika",2,"admin0",NULL,"1950-01-01 00:00:00","1964-12-31 00:00:00","2013-05-06 12:35:34","2017-08-15 17:36:26","elissat","UPDATE"
414,1,1,"1,414","Tristan da Cunha","Tristan da Cunha","Tristan da Cunha","Tristan da Cunha",2,"admin0",NULL,"1816-01-01 00:00:00",NULL,"2013-05-06 12:35:34","2017-08-15 17:36:26","elissat","UPDATE"
416,1,1,"1,416","Tuvalu","Tuvalu","Tuvalu","Tuvalu",2,"admin0",NULL,"1978-01-01 00:00:00",NULL,"2013-05-06 12:35:34","2017-08-15 17:36:26","elissat","UPDATE"
417,1,1,"1,417","U.S. Miscellaneous Pacific Islands","U.S. Miscellaneous Pacific Islands","US Misc Pac Isl","U.S. Miscellaneous Pacific Islands",2,"admin0",NULL,"0000-01-01 00:00:00",NULL,"2013-05-06 12:35:34","2017-08-15 17:36:26","elissat","UPDATE"
418,1,1,"1,418","Ubangi-Shari","Ubangi-Shari","Ubangi-Shari","Ubangi-Shari",2,"admin0",NULL,"1950-01-01 00:00:00","1960-12-31 00:00:00","2013-05-06 12:35:34","2017-08-15 17:36:26","elissat","UPDATE"
419,1,1,"1,419","Upper Volta","Upper Volta","Upper Volta","Upper Volta",2,"admin0",NULL,"1960-01-01 00:00:00","1984-12-31 00:00:00","2013-05-06 12:35:34","2017-08-15 17:36:26","elissat","UPDATE"
420,1,1,"1,420","USSR","USSR","USSR","USSR",2,"admin0",NULL,"1950-01-01 00:00:00","1991-12-31 00:00:00","2013-05-06 12:35:34","2017-08-15 17:36:26","elissat","UPDATE"
425,1,1,"1,425","Western Samoa","Western Samoa","W Samoa","Western Samoa",2,"admin0",NULL,"1950-01-01 00:00:00","1997-12-31 00:00:00","2013-05-06 12:35:34","2017-08-15 17:36:26","elissat","UPDATE"
426,1,1,"1,426","People's Democratic Republic of Yemen","People's Democratic Republic of Yemen","PDR Yemen","People's Democratic Republic of Yemen",2,"admin0",NULL,"1950-01-01 00:00:00","1990-05-31 00:00:00","2013-05-06 12:35:34","2017-08-15 17:36:26","elissat","UPDATE"
427,1,1,"1,427","Yemen Arab Republic","Yemen Arab Republic","Yemen Arab Rep","Yemen Arab Republic",2,"admin0",NULL,"1950-01-01 00:00:00","1990-05-31 00:00:00","2013-05-06 12:35:34","2017-08-15 17:36:26","elissat","UPDATE"
428,1,1,"1,428","Yugoslavia","Yugoslavia","Yugoslavia","Yugoslavia",2,"admin0",NULL,"1950-01-01 00:00:00","1992-12-31 00:00:00","2013-05-06 12:35:34","2017-08-15 17:36:26","elissat","UPDATE"
429,1,1,"1,429","Zaire","Zaire","Zaire","Zaire",2,"admin0",NULL,"1970-01-01 00:00:00","1997-12-31 00:00:00","2013-05-06 12:35:34","2017-08-15 17:36:26","elissat","UPDATE"
430,1,1,"1,430","Zanzibar","Zanzibar","Zanzibar","Zanzibar",2,"admin0",NULL,"1950-01-01 00:00:00","1964-12-31 00:00:00","2013-05-06 12:35:34","2017-08-15 17:36:26","elissat","UPDATE"
431,1,1,"1,431","Zimbabwe Rhodesia","Zimbabwe Rhodesia","Zimbabwe Rhodesia","Zimbabwe Rhodesia",2,"admin0",NULL,"1979-01-01 00:00:00","1980-12-31 00:00:00","2013-05-06 12:35:34","2017-08-15 17:36:26","elissat","UPDATE"
432,1,1,"1,432","United Kingdom, England and Wales","United Kingdom, England and Wales","UK Engl Wales","United Kingdom, England and Wales",2,"admin0",NULL,"1536-01-01 00:00:00",NULL,"2013-05-06 12:35:34","2017-08-15 17:36:26","elissat","UPDATE"
435,1,1,"1,435","South Sudan","South Sudan","S Sudan","South Sudan",2,"admin0",NULL,"2011-01-01 00:00:00",NULL,"2013-05-06 12:35:34","2017-08-15 17:36:26","elissat","UPDATE"
522,1,1,"1,522","Sudan","Sudan","Sudan","Sudan",2,"admin0",NULL,"2011-01-01 00:00:00",NULL,"2013-05-06 12:35:34","2017-08-15 17:36:26","elissat","UPDATE"
4627,1,1,"1,4627","Territory of Papua and New Guinea","Territory of Papua and New Guinea","Terr PNG","Territory of Papua and New Guinea",2,"admin0",NULL,"0000-01-01 00:00:00",NULL,"2013-06-05 15:43:54","2017-08-15 17:36:26","elissat","UPDATE"
4628,1,1,"1,4628","Central African Federation","Central African Federation","C African Fed","Central African Federation",2,"admin0",NULL,"0000-01-01 00:00:00",NULL,"2013-06-05 15:43:54","2017-08-15 17:36:26","elissat","UPDATE"
4706,1,1,"1,4706","South Vietnam","South Vietnam","S Vietnam","South Vietnam",2,"admin0",NULL,"1954-07-01 00:00:00","1976-07-01 00:00:00","2013-08-06 12:32:40","2017-08-15 17:36:26","elissat","UPDATE"
4707,1,1,"1,4707","North Vietnam","North Vietnam","N Vietnam","North Vietnam",2,"admin0",NULL,"1954-07-01 00:00:00","1976-07-01 00:00:00","2013-08-06 12:32:40","2017-08-15 17:36:26","elissat","UPDATE"
4708,1,1,"1,4708","Pakistan (including Bangladesh)","Pakistan (including Bangladesh)","Pak Incl Bangladesh","Pakistan (including Bangladesh)",2,"admin0",NULL,"0000-01-01 00:00:00","1971-12-01 00:00:00","2013-08-06 15:07:48","2017-08-15 17:36:26","elissat","UPDATE"
